global_monthly_2018_02_mosaic_L15-1439E-1134N_5759_3655_13.tif,8234
global_monthly_2018_03_mosaic_L15-1439E-1134N_5759_3655_13.tif,8237
global_monthly_2018_04_mosaic_L15-1439E-1134N_5759_3655_13.tif,8245
global_monthly_2018_05_mosaic_L15-1439E-1134N_5759_3655_13.tif,8248
global_monthly_2018_06_mosaic_L15-1439E-1134N_5759_3655_13.tif,5563
global_monthly_2018_10_mosaic_L15-1439E-1134N_5759_3655_13.tif,8329
global_monthly_2018_11_mosaic_L15-1439E-1134N_5759_3655_13.tif,8347
global_monthly_2018_12_mosaic_L15-1439E-1134N_5759_3655_13.tif,8351
global_monthly_2019_01_mosaic_L15-1439E-1134N_5759_3655_13.tif,8399
global_monthly_2019_02_mosaic_L15-1439E-1134N_5759_3655_13.tif,8413
global_monthly_2019_03_mosaic_L15-1439E-1134N_5759_3655_13.tif,8429
global_monthly_2019_04_mosaic_L15-1439E-1134N_5759_3655_13.tif,8447
global_monthly_2019_05_mosaic_L15-1439E-1134N_5759_3655_13.tif,8503
global_monthly_2019_06_mosaic_L15-1439E-1134N_5759_3655_13.tif,8517
global_monthly_2019_10_mosaic_L15-1439E-1134N_5759_3655_13.tif,8666
global_monthly_2019_11_mosaic_L15-1439E-1134N_5759_3655_13.tif,8724
global_monthly_2019_12_mosaic_L15-1439E-1134N_5759_3655_13.tif,8731
global_monthly_2020_01_mosaic_L15-1439E-1134N_5759_3655_13.tif,8740
